"","nameFirst","nameLast","HR","RBI","R","SB"
"1","Bobby","Abreu",1,14,12,1
"2","Jose","Abreu",36,107,80,3
"3","Tony","Abreu",0,0,0,0
"4","Dustin","Ackley",14,65,64,8
"5","Cristhian","Adames",0,0,1,0
"6","Lane","Adams",0,0,1,0
"7","Matt","Adams",15,68,55,3
"8","Jim","Adduci",1,8,13,3
"9","Ehire","Adrianza",0,5,10,1
"10","Jesus","Aguilar",0,3,2,0
"11","Nick","Ahmed",1,4,9,0
"12","Arismendy","Alcantara",10,29,31,8
"13","Abraham","Almonte",3,15,19,4
"14","Zoilo","Almonte",1,3,2,1
"15","Yonder","Alonso",7,27,27,6
"16","Aaron","Altherr",0,0,0,0
"17","Jose","Altuve",7,59,85,56
"18","Henderson","Alvarez",0,2,2,0
"19","Pedro","Alvarez",18,56,46,8
"20","Alexi","Amarista",5,40,39,12
"21","Brett","Anderson",0,1,0,0
"22","Bryan","Anderson",0,0,0,0
"23","Chase","Anderson",0,0,0,0
"24","Elvis","Andrus",2,41,72,27
"25","Dean","Anna",1,3,3,0
"26","Nori","Aoki",1,43,63,17
"27","Chris","Archer",0,0,0,0
"28","Oswaldo","Arcia",20,57,46,1
"29","Nolan","Arenado",18,61,58,2
"30","J. P.","Arencibia",10,35,20,0
"31","Joaquin","Arias",0,15,18,1
"32","Jake","Arrieta",0,3,3,0
"33","Bronson","Arroyo",0,0,5,0
"34","Erisbel","Arruebarrena",0,4,4,0
"35","Cody","Asche",10,46,43,0
"36","Phillippe","Aumont",0,0,0,0
"37","Alex","Avila",11,47,44,0
"38","Mike","Aviles",5,39,38,14
"39","Dylan","Axelrod",0,0,0,0
"40","Erick","Aybar",7,68,77,16
"41","Javier","Baez",9,20,25,5
"42","Homer","Bailey",0,3,3,0
"43","Jeff","Baker",3,28,27,1
"44","John","Baker",0,15,9,0
"45","Scott","Baker",0,0,0,0
"46","Clint","Barmes",0,7,15,1
"47","Brandon","Barnes",8,27,37,5
"48","Darwin","Barney",3,23,24,1
"49","Tucker","Barnhart",1,1,3,0
"50","Jason","Bartlett",0,0,3,0
"51","Daric","Barton",0,5,7,0
"52","Trevor","Bauer",0,0,0,0
"53","Jose","Bautista",35,103,101,6
"54","Mike","Baxter",0,0,0,0
"55","Josh","Beckett",0,2,4,0
"56","Gordon","Beckham",9,44,53,3
"57","Dallas","Beeler",0,0,0,0
"58","Matt","Belisle",0,0,0,0
"59","Vince","Belnome",0,1,1,0
"60","Brandon","Belt",12,27,30,3
"61","Adrian","Beltre",19,77,79,1
"62","Carlos","Beltran",15,49,46,3
"63","Christian","Bergman",0,0,0,0
"64","Roger","Bernadina",1,9,5,2
"65","Doug","Bernier",0,0,2,0
"66","Quintin","Berry",0,0,3,1
"67","Christian","Bethancourt",0,9,7,1
"68","Chad","Bettis",0,0,0,0
"69","Mookie","Betts",5,18,34,7
"70","Jeff","Bianchi",0,6,4,0
"71","Charlie","Blackmon",19,72,82,28
"72","Andres","Blanco",1,3,4,0
"73","Gregor","Blanco",5,38,51,16
"74","Kyle","Blanks",2,7,10,0
"75","Willie","Bloomquist",1,14,15,1
"76","Brennan","Boesch",2,7,6,3
"77","Xander","Bogaerts",12,46,60,2
"78","Mike","Bolsinger",0,1,1,0
"79","Emilio","Bonifacio",3,24,47,26
"80","Jason","Bourgeois",0,1,5,0
"81","Peter","Bourjos",4,24,32,9
"82","Justin","Bour",1,11,10,0
"83","Michael","Bourn",3,28,57,10
"84","Brad","Boxberger",0,0,0,0
"85","Brad","Brach",0,0,0,0
"86","Jackie","Bradley",1,30,45,8
"87","Michael","Brantley",20,97,94,23
"88","Ryan","Braun",19,81,68,11
"89","Bryce","Brentz",0,2,5,0
"90","Reid","Brignac",1,10,4,1
"91","Andrew","Brown",2,7,6,0
"92","Brooks","Brown",0,0,0,0
"93","Corey","Brown",0,0,0,0
"94","Domonic","Brown",10,63,47,7
"95","Gary","Brown",0,1,1,0
"96","Jay","Bruce",18,66,71,12
"97","David","Buchanan",0,2,2,0
"98","Jake","Buchanan",0,0,0,0
"99","Clay","Buchholz",0,0,0,0
"100","John","Buck",1,6,9,0
"101","Billy","Buckner",0,0,0,0
"102","Madison","Bumgarner",4,15,10,0
"103","A. J.","Burnett",0,1,5,0
"104","Billy","Burns",0,0,4,3
"105","Drew","Butera",3,14,16,0
"106","Billy","Butler",9,66,57,0
"107","Dan","Butler",0,2,1,0
"108","Eddie","Butler",0,0,0,0
"109","Joey","Butler",0,0,0,0
"110","Marlon","Byrd",25,85,71,3
"111","Asdrubal","Cabrera",14,61,74,10
"112","Everth","Cabrera",3,20,36,18
"113","Melky","Cabrera",16,73,81,6
"114","Miguel","Cabrera",25,109,101,1
"115","Trevor","Cahill",0,0,0,0
"116","Lorenzo","Cain",5,53,55,28
"117","Matt","Cain",0,0,1,0
"118","Kole","Calhoun",17,58,90,5
"119","Alberto","Callaspo",4,39,37,0
"120","Tony","Campana",0,5,10,4
"121","Eric","Campbell",3,16,16,3
"122","Robinson","Cano",14,82,77,10
"123","Buddy","Carlyle",0,0,0,0
"124","Roberto","Hernandez",0,2,1,0
"125","Matt","Carpenter",8,59,99,5
"126","Mike","Carp",0,13,11,0
"127","Carlos","Carrasco",0,0,0,0
"128","Ezequiel","Carrera",0,2,12,7
"129","Chris","Carter",37,88,68,5
"130","Curt","Casali",0,3,10,0
"131","Andrew","Cashner",0,2,3,0
"132","Alexi","Casilla",0,0,0,0
"133","Nick","Castellanos",11,66,50,2
"134","Rusney","Castillo",2,6,6,3
"135","Welington","Castillo",13,46,28,0
"136","Jason","Castro",14,56,43,1
"137","Starlin","Castro",14,65,58,4
"138","Garin","Cecchini",1,4,6,0
"139","Ronny","Cedeno",0,0,0,0
"140","Juan","Centeno",0,2,1,0
"141","Francisco","Cervelli",2,13,18,1
"142","Yoenis","Cespedes",22,100,89,7
"143","Jhoulys","Chacin",0,0,2,0
"144","Andrew","Chafin",0,1,0,0
"145","Joba","Chamberlain",0,0,0,0
"146","Tyler","Chatwood",0,0,0,0
"147","Endy","Chavez",2,23,22,5
"148","Eric","Chavez",3,8,6,2
"149","Jesse","Chavez",0,0,0,0
"150","Wei-Yin","Chen",0,0,0,0
"151","Robinson","Chirinos",13,40,36,0
"152","Lonnie","Chisenhall",13,59,62,3
"153","Michael","Choice",9,36,20,1
"154","Shin-Soo","Choo",13,40,58,3
"155","Nick","Christiani",0,0,0,0
"156","Tony","Cingrani",0,0,0,0
"157","Pedro","Ciriaco",0,2,7,4
"158","Matt","Clark",3,7,4,0
"159","Steve","Clevenger",0,8,8,0
"160","Alex","Cobb",0,1,0,0
"161","Chris","Coghlan",9,41,50,7
"162","Chris","Colabello",6,39,17,0
"163","Gerrit","Cole",1,2,3,0
"164","Tyler","Collins",1,4,3,0
"165","Josh","Collmenter",0,2,2,0
"166","Bartolo","Colon",0,0,3,0
"167","Christian","Colon",0,6,8,2
"168","Tyler","Colvin",2,18,16,1
"169","Hank","Conger",4,25,24,0
"170","Brooks","Conrad",1,2,2,0
"171","Jose","Constanza",0,0,1,0
"172","Carlos","Contreras",0,0,0,0
"173","Daniel","Corcino",0,0,0,0
"174","Carlos","Corporan",6,19,22,0
"175","Kevin","Correia",0,1,1,0
"176","Jarred","Cosart",0,0,1,0
"177","Collin","Cowgill",5,21,37,4
"178","Zack","Cozart",4,38,48,7
"179","Allen","Craig",8,46,41,2
"180","Brandon","Crawford",10,69,54,5
"181","Carl","Crawford",8,46,56,23
"182","Coco","Crisp",9,47,68,19
"183","C. J.","Cron",11,37,28,0
"184","Nelson","Cruz",40,108,87,4
"185","Tony","Cruz",1,17,11,0
"186","Michael","Cuddyer",10,31,32,3
"187","Johnny","Cueto",0,3,3,0
"188","Charlie","Culberson",3,24,17,2
"189","Brandon","Cumpton",0,1,1,0
"190","John","Danks",0,0,0,0
"191","Jordan","Danks",2,10,14,5
"192","Travis","d'Arnaud",13,41,48,1
"193","Yu","Darvish",0,0,0,0
"194","Chris","Davis",26,72,65,2
"195","Ike","Davis",11,51,43,0
"196","Khris","Davis",22,69,70,4
"197","Rajai","Davis",8,51,64,36
"198","Alejandro","De Aza",8,41,56,17
"199","Jaff","Decker",0,0,0,0
"200","Sam","Deduno",0,0,0,0
"201","Justin","De Fratus",0,0,0,0
"202","Jacob","deGrom",0,2,3,0
"203","David","DeJesus",6,19,24,0
"204","Eury","De La Rosa",0,0,0,0
"205","Jorge","De La Rosa",0,1,5,0
"206","Rubby","De La Rosa",0,0,0,0
"207","Randall","Delgado",0,0,0,0
"208","Matt","den Dekker",0,7,23,7
"209","Chris","Denorfia",3,21,36,9
"210","Daniel","Descalso",0,10,20,1
"211","Anthony","DeSclafani",0,2,1,0
"212","Ian","Desmond",24,91,73,24
"213","Odrisamer","Despaigne",0,0,0,0
"214","Ross","Detwiler",0,0,1,0
"215","Jonathan","Diaz",0,4,3,1
"216","Chris","Dickerson",2,6,12,3
"217","Corey","Dickerson",24,76,74,8
"218","R. A.","Dickey",0,0,0,0
"219","Derek","Dietrich",5,17,31,1
"220","Greg","Dobbs",0,2,0,0
"221","Chris","Dominguez",1,2,1,0
"222","Jose","Dominguez",0,0,0,0
"223","Matt","Dominguez",16,57,51,0
"224","Josh","Donaldson",29,98,93,8
"225","Sean","Doolittle",0,0,0,0
"226","Felix","Doubront",0,0,0,0
"227","Ryan","Doumit",5,17,11,1
"228","Brian","Dozier",23,71,112,21
"229","Stephen","Drew",7,26,18,1
"230","Lucas","Duda",30,92,74,3
"231","Danny","Duffy",0,0,1,0
"232","Matt","Duffy",0,8,5,0
"233","Zach","Duke",0,0,0,0
"234","Adam","Dunn",22,64,49,1
"235","Adam","Duvall",3,5,8,0
"236","Jarrod","Dyson",1,24,33,36
"237","Sam","Dyson",0,0,0,0
"238","Adam","Eaton",1,35,76,15
"239","Josh","Edgin",0,0,0,0
"240","Roenis","Elias",0,0,0,0
"241","A. J.","Ellis",3,25,21,0
"242","Mark","Ellis",0,12,15,4
"243","Jacoby","Ellsbury",16,70,71,39
"244","Jake","Elmore",0,0,0,0
"245","Edwin","Encarnacion",34,98,75,2
"246","Nathan","Eovaldi",0,0,1,0
"247","Robbie","Erlin",0,1,0,0
"248","Alcides","Escobar",3,50,74,31
"249","Eduardo","Escobar",6,37,52,1
"250","Yunel","Escobar",7,39,33,1
"251","Danny","Espinosa",8,27,31,8
"252","Marco","Estrada",0,2,0,0
"253","Andre","Ethier",4,42,29,2
"254","Nick","Evans",2,7,2,0
"255","Irving","Falu",0,1,0,1
"256","Jeurys","Familia",0,1,0,0
"257","Tim","Federowicz",1,5,2,0
"258","Scott","Feldman",0,0,0,0
"259","Jose","Fernandez",0,1,1,0
"260","Prince","Fielder",3,16,19,0
"261","Mike","Fiers",0,0,0,0
"262","Stephen","Fife",0,0,0,0
"263","Alfredo","Figaro",0,0,0,0
"264","Chone","Figgins",0,1,8,4
"265","Cole","Figueroa",0,6,6,0
"266","Doug","Fister",0,0,3,0
"267","Ryan","Flaherty",7,32,33,1
"268","Yohan","Flande",0,1,0,0
"269","Wilmer","Flores",6,29,28,1
"270","Pedro","Florimon",0,1,7,6
"271","Tyler","Flowers",15,50,42,0
"272","Gavin","Floyd",0,0,0,0
"273","Brian","Flynn",0,0,0,0
"274","Logan","Forsythe",6,26,32,2
"275","Dexter","Fowler",8,35,61,11
"276","Jeff","Francis",0,0,0,0
"277","Jeff","Francoeur",0,1,2,0
"278","Juan","Francisco",16,43,40,0
"279","Maikel","Franco",0,5,5,0
"280","Kevin","Frandsen",1,17,17,0
"281","Nick","Franklin",1,6,7,2
"282","Todd","Frazier",29,80,88,20
"283","Freddie","Freeman",18,78,93,3
"284","David","Freese",10,55,53,1
"285","Nate","Freiman",5,15,12,0
"286","Carlos","Frias",0,0,0,0
"287","Christian","Friedrich",0,0,0,0
"288","Eric","Fryer",1,5,11,1
"289","Sam","Fuld",4,36,40,21
"290","Rafael","Furcal",0,2,4,0
"291","Yovani","Gallardo",0,1,1,0
"292","Freddy","Galvis",4,12,14,1
"293","Avisail","Garcia",7,29,19,4
"294","Greg","Garcia",0,1,2,0
"295","Santiago","Casilla",0,0,0,0
"296","Jaime","Garcia",0,0,2,0
"297","Leury","Garcia",1,6,13,11
"298","Yimi","Garcia",0,0,0,0
"299","Brett","Gardner",17,58,87,21
"300","Matt","Garza",0,0,2,0
"301","Evan","Gattis",22,52,41,0
"302","Kevin","Gausman",0,0,0,0
"303","Dillon","Gee",0,1,1,0
"304","Scooter","Gennett",9,54,55,6
"305","Craig","Gentry",0,12,38,20
"306","Gonzalez","Germen",0,0,0,0
"307","Chris","Getz",0,0,1,2
"308","Jason","Giambi",2,5,3,0
"309","Johnny","Giavotella",1,5,8,0
"310","Kyle","Gibson",0,0,0,0
"311","Conor","Gillaspie",7,57,50,0
"312","Cole","Gillespie",1,5,9,2
"313","Chris","Gimenez",0,11,13,0
"314","Caleb","Gindl",0,0,0,0
"315","Brad","Glenn",0,0,0,0
"316","Jake","Goebbert",1,10,12,2
"317","Ryan","Goins",1,15,14,0
"318","Paul","Goldschmidt",19,69,75,9
"319","Jonny","Gomes",6,37,28,0
"320","Yan","Gomes",21,74,61,0
"321","Carlos","Gomez",23,73,95,34
"322","Hector","Gomez",0,1,2,0
"323","Jeanmar","Gomez",0,0,0,0
"324","Adrian","Gonzalez",27,116,83,1
"325","Alex","Gonzalez",0,2,4,0
"326","Carlos","Gonzalez",11,38,35,3
"327","Gio","Gonzalez",1,2,3,0
"328","Marwin","Gonzalez",6,23,33,2
"329","Marco","Gonzales",0,0,1,0
"330","Miguel","Gonzalez",0,0,0,0
"331","Alex","Gordon",19,74,87,12
"332","Dee","Gordon",2,34,92,64
"333","Terrance","Gore",0,0,5,5
"334","Tom","Gorzelanny",0,0,0,0
"335","Anthony","Gose",2,13,31,15
"336","Tuffy","Gosewisch",1,7,6,0
"337","Philip","Gosselin",1,3,17,2
"338","Curtis","Granderson",20,66,73,8
"339","Yasmani","Grandal",15,49,47,3
"340","Sonny","Gray",0,0,0,0
"341","Grant","Green",1,11,7,1
"342","Nick","Greenwood",0,0,0,0
"343","Didi","Gregorius",6,27,35,3
"344","Zack","Greinke",1,3,5,0
"345","Randal","Grichuk",3,8,11,0
"346","Justin","Grimm",0,0,0,0
"347","Robbie","Grossman",6,37,42,9
"348","Alex","Guerrero",0,0,0,0
"349","Jeremy","Guthrie",0,0,0,0
"350","J. C.","Gutierrez",0,0,0,0
"351","Brandon","Guyer",3,26,37,6
"352","Jesus","Guzman",2,9,10,3
"353","Tony","Gwynn",0,3,14,3
"354","Jedd","Gyorko",10,51,37,3
"355","Matt","Hague",0,0,0,0
"356","Jesse","Hahn",0,1,1,0
"357","Scott","Hairston",1,8,6,0
"358","David","Hale",0,1,1,0
"359","Cole","Hamels",0,0,1,0
"360","Billy","Hamilton",6,48,72,56
"361","Josh","Hamilton",10,44,43,3
"362","Jason","Hammel",0,3,2,0
"363","Brad","Hand",0,1,0,0
"364","Ryan","Hanigan",5,34,18,1
"365","Jack","Hannahan",0,2,3,0
"366","J. A.","Happ",0,0,0,0
"367","Aaron","Harang",0,1,2,0
"368","J. J.","Hardy",9,52,56,0
"369","Dan","Haren",0,5,2,0
"370","Bryce","Harper",13,32,41,2
"371","Josh","Harrison",13,52,77,18
"372","Corey","Hart",6,21,17,2
"373","Alex","Hassan",0,0,1,0
"374","Chris","Hatcher",0,0,0,0
"375","LaTroy","Hawkins",0,0,0,0
"376","Brett","Hayes",1,2,3,0
"377","Chase","Headley",13,49,55,7
"378","Andrew","Heaney",0,0,0,0
"379","Adeiny","Hechavarria",1,34,53,7
"380","Chris","Heisey",8,22,34,9
"381","Kyle","Hendricks",0,1,1,0
"382","Cesar","Hernandez",1,4,13,1
"383","Enrique","Hernandez",3,14,13,0
"384","Felix","Hernandez",0,0,0,0
"385","Pedro","Hernandez",0,0,0,0
"386","Dilson","Herrera",3,11,6,0
"387","Elian","Herrera",0,5,14,4
"388","Jonathan","Herrera",0,9,10,1
"389","Chris","Herrmann",0,4,8,1
"390","Chris","Heston",0,0,0,0
"391","Jason","Heyward",11,58,74,20
"392","Aaron","Hicks",1,18,22,4
"393","Brandon","Hicks",8,22,27,0
"394","Aaron","Hill",10,60,52,4
"395","Koyie","Hill",0,1,2,0
"396","Taylor","Hill",0,0,0,0
"397","L. J.","Hoes",3,11,12,0
"398","Bryan","Holaday",0,15,14,1
"399","Matt","Holliday",20,90,83,4
"400","David","Holmberg",0,0,0,0
"401","Brock","Holt",4,29,68,12
"402","Tyler","Holt",0,2,4,2
"403","Eric","Hosmer",9,58,54,4
"404","T. J.","House",0,0,0,0
"405","Ryan","Howard",23,95,65,0
"406","Tim","Hudson",0,1,0,0
"407","David","Huff",0,0,1,0
"408","Jared","Hughes",0,0,0,0
"409","Phil","Hughes",0,0,0,0
"410","Nick","Hundley",6,22,18,1
"411","Torii","Hunter",17,83,71,4
"412","Drew","Hutchison",0,0,0,0
"413","Chris","Iannetta",7,43,41,3
"414","Raul","Ibanez",5,26,23,3
"415","Ender","Inciarte",4,27,54,19
"416","Omar","Infante",6,66,50,9
"417","Travis","Ishikawa",3,18,9,0
"418","Hisashi","Iwakuma",0,0,0,0
"419","Maicer","Izturis",0,1,3,1
"420","Austin","Jackson",4,47,71,20
"421","Brett","Jackson",0,0,0,0
"422","Edwin","Jackson",0,0,2,0
"423","Kenley","Jansen",0,0,0,0
"424","John","Jaso",9,40,42,2
"425","Jon","Jay",3,46,52,6
"426","Desmond","Jennings",10,36,64,15
"427","Derek","Jeter",4,50,47,10
"428","Cesar","Jimenez",0,0,0,0
"429","Luis","Jimenez",0,2,3,0
"430","Ubaldo","Jimenez",0,0,0,0
"431","Chris","Johnson",10,58,43,6
"432","Dan","Johnson",1,7,8,0
"433","Elliot","Johnson",0,0,1,0
"434","Erik","Johnson",0,0,0,0
"435","Jim","Johnson",0,0,0,0
"436","Kelly","Johnson",7,27,29,2
"437","Kris","Johnson",0,0,0,0
"438","Reed","Johnson",2,25,24,0
"439","Eric","Jokisch",0,0,0,0
"440","Adam","Jones",29,96,88,7
"441","Garrett","Jones",15,53,59,0
"442","James","Jones",0,9,46,27
"443","Taylor","Jordan",0,0,1,0
"444","Caleb","Joseph",9,28,22,0
"445","Matthew","Joyce",9,52,51,2
"446","Jair","Jurrjens",0,0,0,0
"447","Tommy","Kahnle",0,0,0,0
"448","Ryan","Kalish",0,5,13,3
"449","Munenori","Kawasaki",0,17,31,1
"450","Scott","Kazmir",0,0,0,0
"451","Don","Kelly",0,7,24,6
"452","Joe","Kelly",0,0,0,1
"453","Matt","Kemp",25,89,77,8
"454","Howie","Kendrick",7,75,85,14
"455","Kyle","Kendrick",0,1,2,0
"456","Ian","Kennedy",1,5,3,0
"457","Clayton","Kershaw",0,3,5,1
"458","Dallas","Keuchel",0,0,1,0
"459","Kevin","Kiermaier",10,35,35,5
"460","Roger","Kieschnick",1,2,2,0
"461","Ian","Kinsler",17,92,100,15
"462","Jason","Kipnis",6,41,61,22
"463","Corey","Kluber",0,0,0,0
"464","Jeff","Kobernus",0,0,2,0
"465","Tom","Koehler",0,0,0,0
"466","Paul","Konerko",5,22,15,0
"467","George","Kontos",0,0,0,0
"468","George","Kottaras",3,5,4,0
"469","Kevin","Kouzmanoff",2,10,8,0
"470","Pete","Kozma",0,0,4,0
"471","Erik","Kratz",5,13,12,0
"472","Marc","Krauss",6,21,16,0
"473","Ian","Krol",0,0,0,0
"474","Jason","Kubel",1,13,12,1
"475","Hiroki","Kuroda",0,0,0,0
"476","John","Lackey",0,0,1,0
"477","Juan","Lagares",4,47,46,13
"478","Gerald","Laird",0,10,12,0
"479","Junior","Lake",9,25,30,7
"480","Jake","Lamb",4,11,15,1
"481","Andrew","Lambo",0,1,3,0
"482","Jason","Lane",0,0,0,0
"483","Adam","LaRoche",26,92,73,3
"484","Tommy","La Stella",1,31,22,2
"485","Mat","Latos",0,1,2,0
"486","Ryan","Lavarnway",0,0,0,0
"487","Brett","Lawrie",12,38,27,0
"488","Brandon","League",0,0,0,0
"489","Mike","Leake",2,5,9,0
"490","Cliff","Lee",0,1,2,0
"491","DJ","LeMahieu",5,42,59,10
"492","Sandy","Leon",1,3,7,0
"493","Jon","Lester",0,0,0,0
"494","Colby","Lewis",0,1,0,0
"495","Tim","Lincecum",0,1,2,0
"496","Adam","Lind",6,40,38,0
"497","Francisco","Liriano",0,0,1,0
"498","Rymer","Liriano",1,6,13,4
"499","Jose","Lobaton",2,12,18,0
"500","Jeff","Locke",0,0,3,0
"501","Kyle","Lohse",0,5,2,0
"502","Steve","Lombardozzi",0,2,6,1
"503","James","Loney",9,69,59,4
"504","Evan","Longoria",22,91,83,5
"505","Rafael","Lopez",0,1,0,0
"506","David","Lough",4,16,31,8
"507","Jed","Lowrie",6,50,59,0
"508","Ed","Lucas",1,9,19,1
"509","Jonathan","Lucroy",13,69,73,4
"510","Ryan","Ludwick",9,45,28,0
"511","Donald","Lutz",0,1,2,0
"512","Jordan","Lyles",1,3,4,0
"513","Lance","Lynn",0,1,5,0
"514","Tyler","Lyons",0,0,0,0
"515","Manny","Machado",12,32,38,2
"516","Jean","Machi",0,0,0,0
"517","Paul","Maholm",0,0,1,0
"518","Martin","Maldonado",4,16,14,0
"519","Seth","Maness",0,0,0,0
"520","Jeff","Manship",0,0,0,0
"521","Jake","Marisnick",3,19,21,11
"522","Nick","Markakis",14,50,81,4
"523","Alfredo","Marte",2,9,8,1
"524","Andy","Marte",1,3,1,0
"525","Starling","Marte",13,56,73,30
"526","Carlos","Martinez",0,2,0,0
"527","J. D.","Martinez",23,76,57,6
"528","Leonys","Martin",7,40,68,31
"529","Michael","Martinez",0,2,2,0
"530","Nick","Martinez",0,0,1,0
"531","Russell","Martin",11,67,45,4
"532","Victor","Martinez",32,103,87,3
"533","Justin","Masterson",0,1,1,0
"534","Darin","Mastroianni",1,2,7,1
"535","Jeff","Mathis",2,12,12,0
"536","Daisuke","Matsuzaka",0,1,0,0
"537","Tyler","Matzek",0,0,2,0
"538","Joe","Mauer",4,55,60,3
"539","Brandon","Maurer",0,0,0,0
"540","Justin","Maxwell",0,3,4,0
"541","John","Mayberry",7,23,15,0
"542","Cameron","Maybin",1,15,24,4
"543","Vin","Mazzaro",0,0,0,0
"544","Zach","McAllister",0,0,0,0
"545","Matt","McBride",2,6,6,0
"546","Brian","McCann",23,75,57,0
"547","James","McCann",0,0,2,1
"548","Brandon","McCarthy",0,3,0,0
"549","Andrew","McCutchen",25,83,89,18
"550","John","McDonald",0,5,4,1
"551","Casey","McGehee",4,76,56,4
"552","Dustin","McGowan",0,0,0,0
"553","Collin","McHugh",0,0,0,0
"554","Michael","McKenry",8,22,23,0
"555","Nate","McLouth",1,7,10,4
"556","Tommy","Medica",9,27,31,6
"557","Jenrry","Mejia",0,0,0,0
"558","Jordy","Mercer",12,55,56,4
"559","Devin","Mesoraco",25,80,54,1
"560","Will","Middlebrooks",2,19,14,1
"561","Miles","Mikolas",0,0,0,0
"562","Wade","Miley",0,1,3,0
"563","Brad","Miller",10,36,47,4
"564","Shelby","Miller",0,4,6,0
"565","Brad","Mills",0,0,0,0
"566","Tommy","Milone",0,0,0,0
"567","Mike","Minor",1,4,4,0
"568","Jose","Molina",0,10,4,3
"569","Yadier","Molina",7,38,40,1
"570","Jesus","Montero",1,2,1,0
"571","Miguel","Montero",13,72,40,0
"572","Rafael","Montero",0,0,0,0
"573","Adam","Moore",0,1,1,0
"574","Tyler","Moore",4,14,8,0
"575","Franklin","Morales",0,0,2,0
"576","Kendrys","Morales",8,42,28,0
"577","Brent","Morel",0,4,1,0
"578","Mitch","Moreland",2,23,18,0
"579","Nyjer","Morgan",1,6,8,3
"580","Justin","Morneau",17,82,62,0
"581","Bryan","Morris",0,0,0,0
"582","Logan","Morrison",11,38,41,5
"583","Brandon","Morrow",0,0,0,0
"584","Mike","Morse",16,61,48,0
"585","Charlie","Morton",0,1,1,0
"586","Brandon","Moss",25,81,70,1
"587","Mike","Moustakas",15,54,45,1
"588","Steven","Moya",0,0,2,0
"589","David","Murphy",8,58,40,2
"590","Daniel","Murphy",9,57,79,13
"591","Donnie","Murphy",4,14,11,0
"592","J. R.","Murphy",1,9,7,0
"593","Wil","Myers",6,35,37,6
"594","Xavier","Nady",3,4,4,0
"595","Mike","Napoli",17,55,49,3
"596","Daniel","Nava",4,37,41,4
"597","Dioner","Navarro",12,69,40,3
"598","Efren","Navarro",1,14,17,1
"599","Kristopher","Negron",6,17,19,5
"600","Chris","Nelson",0,7,5,1
"601","Jimmy","Nelson",0,0,1,0
"602","Juan","Nicasio",0,4,0,0
"603","Jonathon","Niese",0,4,3,0
"604","Adrian","Nieto",2,7,8,0
"605","Kirk","Nieuwenhuis",3,16,16,4
"606","Wil","Nieves",1,7,9,1
"607","Jayson","Nix",1,4,2,1
"608","Hector","Noesi",0,0,0,0
"609","Ricky","Nolasco",0,0,0,0
"610","Bud","Norris",0,1,0,0
"611","Derek","Norris",10,55,46,2
"612","Eduardo","Nunez",4,24,26,9
"613","Vidal","Nuno",0,0,2,0
"614","Jake","Odorizzi",0,1,0,0
"615","Rougned","Odor",9,48,39,4
"616","Miguel","Olivo",0,2,4,0
"617","Mike","Olt",12,33,23,0
"618","Shawn","O'Malley",0,1,3,2
"619","Logan","Ondrusek",0,0,0,0
"620","David","Ortiz",35,104,59,0
"621","Sean","O'Sullivan",0,0,0,0
"622","Lyle","Overbay",4,35,24,2
"623","Chris","Owings",6,26,34,8
"624","Marcell","Ozuna",23,85,72,3
"625","Jordan","Pacheco",0,16,10,0
"626","Angel","Pagan",3,27,56,16
"627","Joe","Panik",1,18,31,0
"628","Jimmy","Paredes",2,8,12,4
"629","Kyle","Parker",0,1,1,0
"630","Chris","Parmelee",7,28,27,0
"631","Gerardo","Parra",9,40,64,9
"632","Andy","Parrino",1,3,4,0
"633","Tyler","Pastornicky",0,2,4,0
"634","Felipe","Paulino",0,0,0,0
"635","Ben","Paulsen",4,10,8,0
"636","Xavier","Paul",0,0,2,0
"637","James","Paxton",0,0,0,0
"638","Brad","Peacock",0,0,0,0
"639","Steve","Pearce",21,49,51,5
"640","Jake","Peavy",0,0,1,0
"641","Joc","Pederson",0,0,1,0
"642","Dustin","Pedroia",7,53,72,6
"643","Carlos","Peguero",0,1,1,0
"644","Brayan","Pena",5,26,23,2
"645","Carlos","Pena",1,2,4,1
"646","Ramiro","Pena",3,9,9,1
"647","Hunter","Pence",20,74,106,13
"648","Cliff","Pennington",2,10,21,6
"649","Brad","Penny",0,0,1,0
"650","David","Peralta",8,36,40,6
"651","Jhonny","Peralta",21,75,61,3
"652","Wily","Peralta",0,3,4,0
"653","Chris","Perez",0,0,0,0
"654","Eury","Perez",0,0,2,1
"655","Hernan","Perez",0,0,1,0
"656","Juan","Perez",1,3,13,0
"657","Martin","Perez",0,0,0,0
"658","Roberto","Perez",1,4,10,0
"659","Salvador","Perez",17,70,57,1
"660","Jace","Peterson",0,0,3,2
"661","Gregorio","Petit",2,9,14,0
"662","Yusmeiro","Petit",0,0,2,0
"663","Jonathan","Pettibone",0,0,0,0
"664","Tommy","Pham",0,0,0,0
"665","Josh","Phegley",3,7,4,0
"666","Cord","Phelps",0,0,0,0
"667","David","Phelps",0,0,0,0
"668","Brandon","Phillips",8,51,44,2
"669","A. J.","Pierzynski",5,37,25,0
"670","Kevin","Pillar",2,7,19,1
"671","Stolmy","Pimentel",0,0,0,0
"672","Josmil","Pinto",7,18,25,0
"673","Jose","Pirela",0,3,6,0
"674","Trevor","Plouffe",14,80,69,2
"675","Gregory","Polanco",7,33,50,14
"676","Jorge","Polanco",0,3,2,0
"677","A. J.","Pollock",7,24,41,14
"678","Dalton","Pompey",1,4,5,1
"679","Rick","Porcello",0,0,0,0
"680","Buster","Posey",22,89,72,0
"681","Martin","Prado",12,58,62,3
"682","Alex","Presley",6,19,22,5
"683","David","Price",0,0,0,0
"684","Jason","Pridie",0,0,1,0
"685","Yasiel","Puig",16,69,92,11
"686","Albert","Pujols",28,105,89,5
"687","Nick","Punto",2,14,21,3
"688","Carlos","Quentin",4,18,9,0
"689","Humberto","Quintero",0,1,0,0
"690","Jose","Quintana",0,0,0,0
"691","Omar","Quintanilla",0,3,2,0
"692","Guillermo","Quiroz",0,0,0,0
"693","Ryan","Raburn",4,22,18,0
"694","Alexei","Ramirez",15,74,82,21
"695","Aramis","Ramirez",15,66,47,3
"696","Erasmo","Ramirez",0,0,0,0
"697","Hanley","Ramirez",13,71,64,14
"698","Jose","Ramirez",2,17,27,10
"699","Cesar","Ramos",0,0,0,0
"700","Wilson","Ramos",11,47,32,0
"701","Anthony","Ranaudo",0,0,0,0
"702","Colby","Rasmus",18,40,45,4
"703","Robbie","Ray",0,0,0,0
"704","J. T.","Realmuto",0,9,4,0
"705","Anthony","Recker",7,27,18,1
"706","Josh","Reddick",12,54,53,1
"707","Todd","Redmond",0,0,0,0
"708","Nolan","Reimold",3,13,5,1
"709","Anthony","Rendon",21,83,111,17
"710","Ben","Revere",2,28,71,49
"711","Jose","Reyes",9,51,94,30
"712","Mark","Reynolds",22,45,47,5
"713","Antoan","Richardson",0,1,2,5
"714","Garrett","Richards",0,0,0,0
"715","Alex","Rios",4,54,54,17
"716","Carlos","Rivero",1,3,1,0
"717","Rene","Rivera",11,44,27,0
"718","Anthony","Rizzo",32,78,89,5
"719","Donn","Roach",0,0,0,0
"720","Tanner","Roark",0,0,1,0
"721","Brian","Roberts",5,21,40,7
"722","Dan","Robertson",0,21,23,6
"723","Ryan","Roberts",0,0,1,0
"724","Clint","Robinson",0,2,3,0
"725","Shane","Robinson",0,4,3,0
"726","Guilder","Rodriguez",0,1,2,0
"727","Sean","Rodriguez",12,41,30,2
"728","Wandy","Rodriguez",0,0,0,0
"729","Yorman","Rodriguez",0,2,3,0
"730","Esmil","Rogers",0,0,0,0
"731","Jason","Rogers",0,0,0,0
"732","Miguel","Rojas",1,9,16,0
"733","Jimmy","Rollins",17,55,78,28
"734","Jamie","Romak",0,3,2,0
"735","Stefen","Romero",3,11,19,0
"736","Andrew","Romine",2,12,30,12
"737","Austin","Romine",0,1,2,0
"738","Adam","Rosales",4,19,20,4
"739","Wilin","Rosario",13,54,46,1
"740","Trevor","Rosenthal",0,0,0,0
"741","Cody","Ross",2,15,15,0
"742","David","Ross",7,15,16,0
"743","Robbie","Ross",0,0,0,0
"744","Tyson","Ross",0,3,6,0
"745","Ryan","Rowland-Smith",0,0,0,0
"746","Ryan","Rua",2,14,11,1
"747","Darin","Ruf",3,8,13,0
"748","Justin","Ruggiano",6,28,29,2
"749","Carlos","Ruiz",6,31,43,4
"750","Cameron","Rupp",0,6,4,0
"751","Chris","Rusin",0,0,0,0
"752","James","Russell",0,0,0,0
"753","Josh","Rutledge",4,33,44,2
"754","Brendan","Ryan",0,8,5,0
"755","Hyun-jin","Ryu",0,2,4,0
"756","CC","Sabathia",0,0,0,0
"757","Danny","Salazar",0,0,0,0
"758","Chris","Sale",0,0,0,0
"759","Jarrod","Saltalamacchia",11,44,43,0
"760","Jeff","Samardzija",0,3,3,0
"761","Anibal","Sanchez",0,1,0,0
"762","Carlos","Sanchez",0,5,6,1
"763","Gaby","Sanchez",7,33,31,2
"764","Hector","Sanchez",3,28,8,0
"765","Tony","Sanchez",2,13,3,0
"766","Pablo","Sandoval",16,73,68,0
"767","Jerry","Sands",1,4,1,0
"768","Carlos","Santana",27,85,68,5
"769","Danny","Santana",7,40,70,20
"770","Domingo","Santana",0,0,1,0
"771","Ervin","Santana",0,1,7,0
"772","Hector","Santiago",0,0,0,0
"773","Ramon","Santiago",2,17,20,2
"774","Luis","Sardinas",0,8,12,5
"775","Josh","Satin",0,3,2,0
"776","Michael","Saunders",8,34,38,4
"777","Jordan","Schafer",1,15,26,30
"778","Logan","Schafer",0,8,13,2
"779","Max","Scherzer",0,0,0,0
"780","Nate","Schierholtz",7,37,32,4
"781","Brian","Schlitter",0,0,0,0
"782","Gus","Schlosser",0,0,0,0
"783","Jonathan","Schoop",16,45,48,2
"784","Bo","Schultz",0,0,0,0
"785","Skip","Schumaker",2,22,22,2
"786","Xavier","Scruggs",0,2,0,0
"787","Marco","Scutaro",0,0,1,0
"788","Kyle","Seager",25,96,71,7
"789","Jean","Segura",5,31,61,20
"790","Justin","Sellers",0,0,1,0
"791","Marcus","Semien",6,28,30,3
"792","James","Shields",0,1,1,0
"793","Matt","Shoemaker",0,0,0,0
"794","J. B.","Shuck",2,9,12,2
"795","Moises","Sierra",2,9,22,3
"796","Andrelton","Simmons",7,46,44,4
"797","Alfredo","Simon",0,2,2,0
"798","Jon","Singleton",13,44,42,2
"799","Grady","Sizemore",5,27,35,6
"800","Scott","Sizemore",0,4,3,0
"801","Tyler","Skaggs",0,0,0,0
"802","Kevin","Slowey",0,0,0,0
"803","Seth","Smith",12,48,55,1
"804","Justin","Smoak",7,30,28,0
"805","Jake","Smolinski",3,12,12,0
"806","Drew","Smyly",0,0,0,0
"807","Travis","Snider",13,38,37,1
"808","Brad","Snyder",2,3,3,0
"809","Eric","Sogard",1,22,38,11
"810","Donovan","Solano",3,28,26,1
"811","Yangervis","Solarte",10,48,56,0
"812","Jorge","Soler",5,20,11,1
"813","Ali","Solis",0,1,0,0
"814","Alfonso","Soriano",6,23,22,1
"815","Geovany","Soto",1,11,8,0
"816","Neftali","Soto",0,1,1,1
"817","Steven","Souza",2,2,2,0
"818","Denard","Span",5,37,94,31
"819","Cory","Spangenberg",2,9,7,4
"820","George","Springer",20,51,45,5
"821","Zeke","Spruill",0,0,0,0
"822","Craig","Stammen",0,0,0,0
"823","Giancarlo","Stanton",37,105,89,13
"824","Max","Stassi",0,4,2,0
"825","Tim","Stauffer",0,0,0,0
"826","Chris","Stewart",0,10,9,0
"827","Ian","Stewart",2,7,8,1
"828","Dan","Straily",0,0,0,0
"829","Stephen","Strasburg",0,3,3,0
"830","Drew","Stubbs",15,43,67,20
"831","Eric","Stults",0,1,1,0
"832","Eugenio","Suarez",4,23,33,3
"833","Jesus","Sucre",0,5,4,0
"834","Andrew","Susac",3,19,13,0
"835","Ichiro","Suzuki",1,22,42,15
"836","Kurt","Suzuki",3,61,37,0
"837","Ryan","Sweeney",3,20,22,0
"838","Nick","Swisher",8,42,33,0
"839","Matt","Szczur",2,5,6,0
"840","Jose","Tabata",0,17,14,1
"841","Masahiro","Tanaka",0,0,0,0
"842","Oscar","Taveras",3,22,18,0
"843","Chris","Taylor",0,9,16,5
"844","Michael","Taylor",0,0,3,0
"845","Michael","Taylor",1,5,5,0
"846","Taylor","Teagarden",1,5,1,0
"847","Julio","Teheran",0,6,1,0
"848","Mark","Teixeira",22,62,56,1
"849","Ruben","Tejada",5,34,30,1
"850","Tomas","Telis",0,8,7,0
"851","Nick","Tepesch",0,0,0,0
"852","Joey","Terdoslavich",0,2,1,0
"853","Dale","Thayer",0,0,0,0
"854","Josh","Thole",0,7,11,0
"855","Tyler","Thornburg",0,0,0,0
"856","Chris","Tillman",0,0,1,0
"857","Steven","Tolleson",3,16,21,3
"858","Alex","Torres",0,0,0,0
"859","Carlos","Torres",0,0,0,0
"860","Wilfredo","Tovar",0,0,0,0
"861","Blake","Treinen",0,0,0,0
"862","Carlos","Triunfel",1,1,3,0
"863","Nick","Tropeano",0,0,0,0
"864","Mike","Trout",36,111,115,16
"865","Mark","Trumbo",14,61,37,2
"866","Troy","Tulowitzki",21,52,71,1
"867","Jacob","Turner",0,0,1,0
"868","Justin","Turner",7,43,46,6
"869","Dan","Uggla",2,10,14,0
"870","B. J.","Upton",12,35,67,20
"871","Justin","Upton",29,102,77,8
"872","Juan","Uribe",9,54,36,0
"873","Chase","Utley",11,78,74,10
"874","Chris","Valaika",3,13,10,1
"875","Luis","Valbuena",16,51,68,1
"876","Jordany","Valdespin",3,10,8,1
"877","Danny","Valencia",4,30,20,1
"878","Scott","Van Slyke",11,29,32,4
"879","Kennys","Vargas",9,38,26,0
"880","Christian","Vazquez",1,20,15,0
"881","Will","Venable",8,33,47,11
"882","Yordano","Ventura",0,0,1,0
"883","Justin","Verlander",0,0,1,0
"884","Dayan","Viciedo",21,58,65,0
"885","Shane","Victorino",2,12,14,2
"886","Carlos","Villanueva",0,0,0,0
"887","Jonathan","Villar",7,27,31,17
"888","Pedro","Villarreal",0,0,0,0
"889","Nick","Vincent",0,0,0,0
"890","Ryan","Vogelsong",0,2,3,0
"891","Stephen","Vogt",9,35,26,1
"892","Edinson","Volquez",0,2,3,0
"893","Joey","Votto",6,23,32,1
"894","Michael","Wacha",0,2,1,0
"895","Tsuyoshi","Wada",0,0,0,0
"896","Adam","Wainwright",0,6,4,0
"897","Christian","Walker",1,1,1,0
"898","Neil","Walker",23,76,74,2
"899","Zach","Walters",10,17,16,0
"900","Logan","Watkins",1,6,10,1
"901","Tony","Watson",0,0,0,0
"902","Jered","Weaver",0,0,0,0
"903","Jemile","Weeks",0,3,8,2
"904","Rickie","Weeks",8,29,36,3
"905","Jayson","Werth",16,82,85,9
"906","Ryan","Wheeler",2,13,6,0
"907","Zach","Wheeler",0,3,1,0
"908","Zelous","Wheeler",2,5,6,0
"909","Eli","Whiteside",0,2,0,1
"910","Chase","Whitley",0,0,0,0
"911","Joe","Wieland",0,0,0,0
"912","Matt","Wieters",5,18,13,0
"913","Andy","Wilkins",0,2,2,0
"914","Jackson","Williams",1,3,1,0
"915","Jerome","Williams",0,3,0,0
"916","Josh","Willingham",14,40,48,2
"917","Bobby","Wilson",0,0,0,0
"918","C. J.","Wilson",0,0,1,0
"919","Josh","Wilson",0,8,7,1
"920","Justin","Wilson",0,0,0,0
"921","Randy","Wolf",0,0,0,0
"922","Kolten","Wong",12,42,52,20
"923","Alex","Wood",0,2,1,0
"924","Travis","Wood",3,10,9,0
"925","Brandon","Workman",0,0,0,0
"926","Vance","Worley",0,0,1,0
"927","Danny","Worth",0,5,5,0
"928","David","Wright",8,63,54,8
"929","Jamey","Wright",0,0,0,0
"930","Christian","Yelich",9,54,94,21
"931","Rafael","Ynoa",0,13,5,0
"932","Chris","Young",0,0,0,0
"933","Chris","Young",11,38,40,8
"934","Delmon","Young",7,30,27,2
"935","Eric","Young",1,17,48,30
"936","Josh","Zeid",0,0,0,0
"937","Brad","Ziegler",0,0,0,0
"938","Jordan","Zimmermann",0,1,3,0
"939","Ryan","Zimmerman",5,38,26,0
"940","Ben","Zobrist",10,52,83,10
"941","Mike","Zunino",22,60,51,0
